0,1,2,3,4,5,6,7,8,9,10,11,12,13,14,15,16,17,18,19,20,21,22,23,24,25,26,27,28,29,30,31,32,33,34,35,36,37,38,39,40,41,42,43,44,45,46,47,48,49,50,51,52,53,54,55,56,57,58,59,60,61,62,63,64,65,66,67,68,69,70,71,72,73,74,75,76,77,78,79,80,81,82,83,84,85,86,87,88,89,90,91,92,93,94,95,96,97,98,99,100,101,102,103,104,105,106,107,108,109,110,111,112,113,114,115,116,117,118,119,120,121,122,123,124,125,126,127,128,129,130,131,132,133,134,135,136,137,138,139,140,141,142,143,144,145,146,147,148,149,150,151,152,153,154,155,156,157,158,159,160,161,162,163,164,165,166,167,168,169,170,171,172,173,174,175,176,177,178,179,180,181,182,183,184,185,186,187,188,189,190,191,192,193,194,195,196,197,198,199,200,201,202,203,204,205,206,207,208,209,210,211,212,213,214,215,216,217,218,219,220,221,222,223,224,225,226,227,228,229,230,231,232,233,234,235,236,237,238,239,240,241,242,243,244,245,246,247,248,249,250,251,252,253,254,255
103,287,154,379,0,1158,147,548,86,89,36,605,488,610,306,187,0,134,337,54,44,566,0,0,165,65,1,577,196,136,323,249,218,472,305,123,708,491,305,231,229,491,86,132,504,0,0,317,53,263,92,153,182,211,489,61,0,161,395,211,283,238,113,407,226,1220,137,89,774,215,606,258,182,512,280,232,441,831,198,0,0,139,336,262,566,266,288,418,194,196,600,464,64,100,11,0,371,268,87,33,618,0,387,158,257,448,298,14,135,314,382,251,586,510,228,211,14,681,122,23,254,122,673,373,0,217,232,601,198,234,67,752,374,30,541,132,263,217,408,246,508,5,318,1,374,200,747,448,418,168,742,211,616,385,169,263,0,534,118,131,0,141,412,380,102,518,282,34,0,0,321,176,276,430,399,539,134,106,16,283,368,0,118,418,208,68,435,260,404,63,244,638,32,369,218,78,479,197,433,55,174,474,746,541,186,0,429,543,97,98,115,515,250,553,168,384,664,370,151,334,6,92,227,94,553,105,226,20,232,227,31,37,126,324,413,286,54,399,283,597,685,102,3,120,155,173,408,246,273,336,43,287,139,294,80,373
37,470,461,117,0,60,136,427,608,742,95,163,111,1067,357,148,603,39,698,441,1,709,10,0,96,90,885,129,109,33,837,922,1840,283,132,327,255,792,82,75,121,306,69,102,134,0,0,208,0,72,286,220,303,1451,134,29,237,99,91,566,505,702,54,165,83,47,211,28,283,1035,90,80,152,705,84,155,140,160,43,0,0,1,56,324,177,224,1368,282,42,1475,439,628,96,107,891,0,132,273,189,68,36,0,862,85,1241,109,332,1,187,163,87,209,645,538,327,103,13,86,154,0,254,430,115,269,0,1287,334,113,55,97,0,88,42,0,125,547,125,465,250,37,400,530,51,1,338,127,629,589,1059,109,74,62,268,565,92,42,0,136,25,993,0,128,454,1327,121,204,50,0,2,0,1333,168,301,100,176,817,224,30,538,38,39,45,26,631,44,243,431,472,278,34,397,504,4,217,151,90,110,186,303,71,457,102,195,135,69,0,484,219,16,75,646,235,58,157,327,1026,40,32,461,21,2,160,215,428,487,59,1182,152,172,80,0,0,407,110,348,204,381,620,1687,336,82,79,591,102,707,458,137,247,211,250,66,309,91,236,152,97
30,306,501,152,3,42,283,384,453,1024,178,131,124,552,343,211,726,52,463,787,21,428,3550,0,259,65,1028,133,118,65,539,608,1385,309,224,653,217,327,127,119,193,295,221,123,236,0,0,118,9,102,324,523,91,1126,313,39,1849,166,200,698,461,478,139,144,72,70,355,70,201,816,97,117,247,574,35,250,184,217,34,2,4567,1,101,364,141,342,964,280,181,1275,521,575,233,218,963,2627,290,116,160,252,86,8,629,241,1012,197,366,3,285,285,137,159,454,516,239,83,16,76,274,3,162,631,145,163,0,1097,166,314,44,66,19,231,32,4,101,601,147,525,277,122,323,713,86,1,226,221,320,684,405,273,223,57,342,470,286,30,0,277,67,845,0,210,397,1067,210,309,41,13,2,0,1011,452,491,109,204,297,452,141,686,72,45,1804,22,325,141,505,378,372,205,52,393,351,20,356,201,105,168,318,413,158,389,151,187,191,134,0,470,238,27,218,420,184,134,104,232,469,193,43,558,18,1,444,376,544,465,47,845,158,109,161,14,9,490,157,306,145,810,390,1059,315,86,93,540,189,485,216,135,109,382,242,205,227,227,226,540,133
113,294,182,302,0,457,373,150,47,0,1,78,194,7,81,298,0,205,20,101,283,12,0,0,508,51,0,229,247,541,4,7,0,188,19,220,205,21,632,440,598,147,386,84,480,0,0,260,203,64,37,308,106,4,29,172,0,597,621,50,251,208,133,792,348,303,136,308,122,4,69,647,447,133,118,652,346,211,433,0,0,34,51,2,156,462,4,449,834,8,138,79,393,302,0,0,60,174,92,1,32,0,3,617,4,660,117,22,34,281,63,115,5,80,229,113,15,168,214,144,21,142,142,60,0,0,307,16,71,129,330,46,161,194,236,76,533,60,343,59,52,0,536,1,39,558,14,20,1,510,25,356,384,3,460,107,0,53,209,72,0,176,324,4,376,38,534,194,0,0,0,512,224,308,423,7,307,740,0,406,60,0,351,9,63,170,0,144,130,63,186,28,320,19,309,23,440,159,391,283,363,363,75,419,668,0,4,72,800,370,3,153,958,108,15,0,32,72,144,5,0,450,189,255,113,153,0,5,212,555,279,218,10,299,189,92,119,102,0,357,136,150,0,12,8,3,99,131,18,37,0,79,203,65,267,443
91,196,225,275,0,25,45,41,107,0,5,11,24,11,95,188,0,209,6,469,19,1,0,0,20,52,0,19,139,198,1,8,15,50,26,453,38,1,280,247,156,57,22,1,41,0,0,27,7,3,33,674,320,12,12,213,0,353,174,183,92,190,4,125,170,6,379,106,38,0,9,368,582,63,4,527,30,43,202,0,0,0,7,0,40,338,17,175,403,65,139,73,0,509,1,0,20,265,5,8,8,0,2,591,12,170,85,0,2,34,10,68,1,36,42,21,13,12,275,4,8,290,19,16,0,0,112,7,3,36,2,6,32,2,22,91,278,61,104,9,4,0,271,1,8,568,19,15,0,345,7,164,139,0,44,4,0,16,60,214,0,189,145,11,434,6,114,8,0,0,12,432,31,157,155,1,609,1,0,86,2,0,108,0,11,367,0,69,31,69,250,4,8,11,185,0,41,3,82,15,306,27,14,29,95,0,2,29,119,12,9,28,362,20,15,0,8,5,245,3,0,390,391,437,11,200,1,25,19,247,12,14,19,141,56,9,556,9,5,52,22,167,0,15,11,0,11,191,10,8,2,11,0,32,215,78
102,119,310,292,0,54,202,16,29,0,0,9,15,10,87,278,0,267,14,513,58,8,0,0,250,37,0,16,99,192,0,10,2,7,0,566,53,5,456,225,254,90,119,13,122,0,0,26,22,20,5,934,271,6,0,156,0,565,96,245,26,70,5,148,362,20,440,2,54,1,0,451,617,20,3,647,22,16,248,0,0,0,1,0,55,484,3,134,535,13,121,27,3,650,0,0,3,216,12,2,2,0,0,820,7,387,87,0,0,32,8,50,1,12,25,21,9,5,465,42,12,445,1,54,0,0,51,0,5,45,5,0,21,14,9,126,329,74,61,19,8,0,309,1,18,788,6,1,1,419,0,195,179,0,321,1,0,1,1,126,0,299,74,4,492,0,245,59,0,0,1,737,113,195,149,2,815,2,0,4,1,0,173,0,3,547,0,25,8,83,191,8,34,0,291,6,43,5,144,101,273,46,0,33,127,0,2,7,207,175,2,90,493,17,24,0,0,3,292,0,0,585,577,409,30,273,0,1,18,323,48,55,3,158,22,41,749,48,0,175,18,188,0,0,11,0,40,171,0,30,0,28,5,4,451,83
103,188,211,329,0,148,49,11,6,0,3,46,28,2,14,301,0,308,6,92,95,5,0,0,10,30,0,11,127,684,0,0,0,12,0,280,72,2,933,355,474,90,44,25,257,0,0,40,62,1,16,408,285,0,1,308,0,994,183,21,17,22,0,246,595,45,245,15,86,0,12,558,522,5,12,1159,35,23,996,0,0,0,2,0,65,364,0,151,825,1,63,19,2,607,0,0,3,336,5,0,2,0,0,770,0,563,43,2,2,42,1,72,0,5,30,39,10,10,183,86,17,121,23,24,0,0,72,0,5,77,23,1,38,65,12,28,503,38,62,0,8,0,350,1,16,871,2,0,0,757,2,579,339,0,20,15,0,5,4,15,0,212,63,0,688,1,1094,105,0,0,0,648,32,424,248,2,349,1,0,34,4,0,755,0,1,164,0,15,19,89,84,10,90,0,445,2,93,11,96,32,125,70,3,60,332,0,0,21,1697,12,0,36,1236,34,4,0,0,7,111,0,0,576,225,136,39,254,0,1,62,779,99,104,0,87,22,11,89,18,0,105,114,118,0,0,3,0,48,253,0,16,1,48,1,19,272,212
86,1053,751,540,0,152,144,345,265,0,7,721,160,276,380,187,0,708,123,343,0,99,0,0,315,41,0,12,256,217,51,177,43,311,5,478,338,113,599,422,203,947,41,40,347,0,0,351,0,4,119,695,271,126,16,173,0,601,83,528,473,560,11,1482,1085,259,362,7,709,90,40,638,841,468,74,408,179,495,453,0,0,0,10,5,481,1043,148,1138,182,143,596,661,3,369,0,0,116,353,34,82,19,0,82,538,23,438,471,1,11,87,56,425,22,298,419,321,19,76,371,0,132,498,124,209,0,68,1024,29,68,580,1,6,77,0,179,200,793,129,944,0,57,0,288,1,135,439,353,199,21,270,8,419,553,36,333,178,0,40,11,364,0,373,839,46,190,101,682,0,0,0,158,488,282,891,870,148,670,0,1,13,22,0,325,41,2,342,43,231,153,68,782,119,1,29,383,32,163,31,452,51,670,220,70,218,92,0,116,310,555,94,42,475,255,192,18,65,7,25,840,10,0,395,495,844,380,167,34,27,637,186,0,0,102,245,701,127,454,216,32,764,1016,300,0,24,40,45,324,312,44,55,1,213,14,254,289,214
57,449,529,181,0,78,145,541,521,24,42,183,164,849,332,141,0,58,537,412,0,501,0,0,168,44,0,140,124,38,852,832,1469,422,148,339,251,508,96,131,115,332,91,116,145,0,0,298,0,71,318,234,363,1129,158,38,0,116,94,436,477,733,108,211,106,85,196,25,393,617,141,107,141,810,88,160,132,305,65,0,0,8,68,359,249,222,1044,360,56,1166,455,646,89,144,1,0,135,331,166,64,44,0,1016,99,1004,103,265,14,197,125,104,317,910,624,435,134,3,141,163,0,142,434,174,221,0,689,444,79,79,148,0,90,52,0,159,511,158,391,299,34,302,0,104,1,156,122,602,714,575,113,51,72,305,710,211,83,0,144,27,913,0,173,580,1338,118,250,77,1,0,0,1273,157,324,162,220,476,239,11,0,38,63,0,37,325,44,253,589,524,358,68,483,352,0,216,144,67,114,214,278,101,516,103,217,105,45,0,641,230,25,177,572,240,89,173,248,757,33,69,544,3,0,146,269,407,409,107,1233,80,299,93,0,0,436,162,475,130,354,566,1306,297,113,124,0,118,603,141,103,267,184,188,28,203,127,250,154,82
46,197,122,78,0,327,76,408,142,0,301,252,258,279,83,45,0,31,341,71,0,353,0,0,70,52,0,472,57,20,400,237,268,486,382,132,251,490,67,32,75,226,39,10,44,0,0,162,0,198,234,54,60,212,615,25,0,61,60,117,179,170,0,168,48,424,57,17,173,194,625,46,54,348,212,96,25,368,46,0,0,82,262,709,254,61,196,92,31,209,239,207,1,62,0,0,303,82,5,22,838,0,445,40,217,62,104,15,8,19,266,127,545,263,227,135,11,699,64,0,243,103,397,254,0,144,145,869,220,123,0,948,157,0,305,126,106,155,80,342,296,0,41,1,225,70,292,506,556,78,862,83,165,701,60,262,0,236,14,137,0,90,244,288,59,655,58,0,0,0,447,105,158,77,122,553,50,0,0,22,351,0,20,331,331,76,724,331,459,50,121,374,1,618,90,11,33,11,175,29,107,42,911,15,7,0,771,509,13,52,171,238,46,279,143,554,842,245,101,8,0,84,86,69,336,37,446,132,218,70,0,1,180,19,81,219,57,316,324,266,258,27,0,227,207,155,221,89,422,108,221,176,2,355,97,44
56,323,484,294,0,39,78,122,221,0,39,43,32,63,214,185,0,216,61,963,5,41,0,0,31,44,0,49,140,80,19,51,96,96,39,744,110,35,172,279,169,154,23,10,55,0,0,55,3,16,93,963,149,84,17,239,0,245,120,435,180,384,9,172,207,36,548,86,80,11,24,352,785,180,7,418,40,70,109,0,0,0,24,5,87,570,68,274,227,187,317,183,19,486,0,0,46,167,15,27,13,0,17,440,98,142,174,0,9,68,24,103,11,99,114,43,32,37,411,1,19,614,33,55,0,4,190,17,10,58,7,25,40,4,44,284,315,210,155,15,31,0,225,1,25,395,63,61,9,201,18,143,248,8,43,11,0,34,74,568,0,204,264,109,326,27,81,6,0,0,59,493,50,231,219,16,895,32,0,74,13,0,54,11,23,662,9,154,62,59,465,32,7,22,233,20,67,12,190,26,558,53,37,41,60,0,34,67,35,16,63,70,176,42,71,3,13,7,451,1,0,499,623,906,102,111,24,95,41,154,5,2,72,209,120,16,1236,43,41,118,40,228,0,16,49,3,39,163,26,41,22,42,13,61,321,72
77,179,368,663,0,181,151,41,42,0,4,21,40,42,45,171,0,460,35,391,0,28,0,0,137,37,0,17,191,107,3,26,19,14,0,517,70,12,237,592,252,151,139,8,38,0,0,94,1,14,11,813,205,26,0,291,0,394,29,194,52,177,0,374,507,79,502,0,133,2,2,912,826,46,16,716,2,26,323,0,0,16,5,0,147,724,10,244,402,18,345,60,0,559,0,0,8,199,0,2,1,0,0,529,27,85,52,4,0,3,7,120,11,37,92,29,10,30,418,0,9,476,13,58,0,0,102,0,19,73,0,2,8,0,41,207,545,124,136,2,4,0,809,1,12,516,53,7,0,313,0,232,357,2,112,17,0,10,0,165,0,320,176,18,338,1,215,1,0,0,13,760,93,453,276,3,599,0,0,3,7,0,74,3,4,471,0,33,18,78,265,8,0,0,347,0,13,0,172,100,332,3,3,3,9,0,3,5,132,70,30,71,342,48,58,0,1,16,348,0,0,631,626,505,61,60,1,77,23,225,1,1,3,486,103,22,483,37,4,77,44,560,0,1,47,0,18,242,0,7,3,23,0,3,486,55
55,235,477,295,0,28,399,21,108,0,15,16,8,65,65,97,0,182,71,641,0,19,0,0,1250,34,0,9,123,37,20,77,35,22,18,575,54,37,103,186,173,131,721,4,16,0,0,46,0,1,40,599,414,54,10,131,0,224,8,300,58,231,0,121,263,10,314,0,97,9,4,355,569,65,16,326,3,12,109,0,0,7,3,1,35,438,47,158,208,45,192,80,0,364,0,0,13,257,1,5,2,0,6,357,46,32,70,3,1,8,5,66,0,30,77,17,4,6,309,0,20,521,11,96,0,8,133,6,3,32,0,2,2,0,9,305,301,235,114,4,7,0,278,1,35,274,57,9,7,184,10,106,169,0,1208,5,0,17,0,362,0,252,171,33,264,4,113,0,0,0,14,473,674,161,153,10,740,0,0,1,0,0,40,7,5,599,0,55,18,91,243,36,0,11,134,0,3,0,164,643,366,1,7,0,3,0,3,16,17,992,38,97,103,17,91,1,5,3,292,0,0,663,376,595,84,113,8,6,16,129,0,0,24,167,52,100,640,128,17,65,10,212,0,6,117,2,59,256,12,8,4,42,0,18,721,11
87,110,246,410,0,125,23,14,11,0,6,21,25,7,25,216,0,488,3,217,13,4,0,0,6,47,0,29,186,335,0,2,0,13,1,401,42,4,491,569,198,66,12,7,63,0,0,52,7,17,5,963,190,1,0,469,0,689,151,100,18,42,1,221,489,33,486,93,82,0,4,841,799,21,6,854,10,28,419,0,0,1,3,0,49,565,1,140,822,3,134,20,2,782,0,0,5,221,6,2,3,0,0,1105,1,206,36,0,0,41,4,46,0,8,52,22,26,21,317,6,12,335,8,27,0,0,57,0,4,39,2,0,40,1,19,45,437,67,73,14,6,0,588,1,9,869,19,1,1,466,0,313,226,0,6,12,0,2,61,71,0,290,77,1,641,0,266,22,0,0,1,589,13,325,198,2,669,5,0,36,2,0,236,1,12,423,0,21,10,59,154,6,15,0,309,3,32,5,82,20,184,28,4,14,67,0,0,8,287,1,2,28,682,22,2,0,0,11,216,1,0,481,491,287,29,180,0,23,22,301,19,16,2,200,40,9,393,5,0,56,26,380,0,0,1,0,12,173,0,12,0,15,1,3,226,94
68,323,412,300,0,69,284,93,175,0,2,36,38,116,106,212,0,147,75,609,5,46,0,0,431,33,0,31,129,82,16,70,56,58,18,579,104,46,158,155,166,214,182,16,61,0,0,101,5,10,93,724,397,75,12,148,0,291,100,331,127,372,7,169,172,19,437,35,194,16,19,203,493,156,23,384,39,49,135,0,0,1,11,3,98,461,56,255,198,75,305,104,14,381,0,0,10,319,17,4,10,0,9,378,71,104,91,2,18,47,15,120,16,65,96,53,2,21,398,1,27,531,26,94,0,6,218,0,9,66,1,12,49,1,19,289,394,212,102,3,24,0,149,1,27,364,135,26,13,291,2,142,295,3,372,12,0,16,26,351,0,213,285,75,324,7,180,3,0,0,19,576,261,175,225,17,637,8,0,56,7,0,38,13,6,611,5,125,52,73,305,32,1,18,179,1,43,25,233,137,527,38,14,35,73,0,14,42,33,290,47,97,169,54,122,7,5,8,330,0,0,523,514,636,108,110,14,64,45,177,1,2,37,50,62,45,716,96,35,182,29,190,0,11,105,0,40,272,8,30,2,31,17,58,461,49
61,295,236,440,0,164,260,128,70,0,106,59,68,28,59,223,0,226,47,136,7,25,0,0,315,64,0,42,139,252,11,17,8,138,88,258,115,22,312,372,260,303,187,16,229,0,0,150,11,25,57,340,92,11,41,150,0,340,218,132,144,141,3,402,345,104,225,95,166,6,75,636,561,83,143,423,79,227,302,0,0,12,55,9,145,443,12,343,359,12,202,132,10,219,0,0,66,186,12,57,54,0,3,292,5,279,112,9,2,112,59,140,8,79,170,69,27,93,290,12,29,167,132,69,0,0,278,44,24,161,18,59,106,9,220,117,462,81,274,14,29,0,586,1,41,307,32,41,4,265,67,257,346,5,297,75,0,35,54,108,0,172,226,9,144,67,476,23,0,0,11,393,193,405,390,15,337,10,0,76,25,0,165,11,11,225,3,119,117,61,205,51,16,35,252,4,133,39,302,192,265,191,92,151,152,0,17,179,219,178,7,146,339,95,21,2,84,54,222,1,0,382,293,254,99,108,1,167,138,264,12,17,27,269,155,81,173,80,2,250,148,215,0,26,14,2,89,215,31,40,42,49,6,98,372,192
108,207,370,506,0,109,240,79,56,0,57,32,35,28,116,189,0,493,28,377,0,16,0,0,506,56,0,61,191,110,32,36,11,77,10,468,78,18,299,450,165,134,261,11,25,0,0,85,0,25,32,790,108,27,4,221,0,482,29,190,83,143,0,304,489,48,478,9,146,10,10,756,785,82,24,581,5,66,278,0,0,0,11,19,104,588,14,265,454,28,236,69,0,551,0,0,27,107,2,17,6,0,2,666,19,127,33,1,1,4,21,91,10,75,100,39,13,48,446,0,12,387,42,91,0,6,170,7,29,74,0,14,15,0,81,136,393,151,197,22,6,0,598,1,34,628,48,22,2,337,14,231,282,2,547,15,0,24,5,193,0,315,172,19,372,7,244,0,0,0,18,535,161,435,201,1,750,2,0,4,11,0,86,6,32,458,8,60,38,56,218,26,0,3,298,0,9,4,177,165,280,10,18,2,21,0,27,31,104,409,32,102,354,44,68,4,4,17,384,0,0,492,556,404,71,44,13,279,55,209,1,0,28,387,138,79,500,86,8,122,43,362,0,2,40,2,37,185,10,6,14,28,0,33,336,30
60,235,282,137,0,61,280,352,589,4,149,133,130,762,420,74,0,60,524,211,2,486,0,0,413,44,1,180,181,20,390,587,1311,274,220,152,252,488,66,101,137,271,214,46,65,0,0,82,1,126,261,99,144,969,241,42,0,68,94,580,417,480,19,108,69,59,102,85,307,379,104,102,122,448,72,120,65,149,37,0,0,54,93,361,98,97,791,197,54,817,386,551,11,66,0,0,215,183,42,181,39,0,564,59,780,60,559,19,36,58,105,131,479,603,153,80,6,82,95,3,136,246,194,289,0,351,225,152,94,47,1,186,61,0,174,406,107,412,208,99,294,0,120,1,175,61,582,626,436,112,153,58,314,429,548,21,0,302,78,457,0,178,401,783,44,303,50,4,0,0,754,155,479,109,140,356,115,14,0,93,57,0,15,345,128,138,446,394,189,53,262,419,2,309,86,25,85,37,332,188,222,63,203,48,31,0,438,231,4,413,507,208,56,100,277,359,91,37,294,9,0,106,111,156,515,75,733,169,177,77,2,0,720,207,279,150,178,586,961,291,66,99,2,213,502,78,105,144,380,142,130,180,14,148,241,87
28,447,529,419,0,86,220,183,279,0,146,118,61,321,159,175,0,307,158,476,0,171,0,0,276,42,0,66,75,76,59,222,268,162,87,532,169,122,191,259,256,357,183,8,66,0,0,143,1,25,54,637,140,231,62,132,0,258,50,231,271,337,0,343,393,60,355,3,355,27,60,437,592,277,45,425,11,174,194,0,0,3,40,37,170,615,195,415,192,225,526,268,0,330,0,0,51,151,1,20,32,0,61,328,266,95,115,7,3,15,43,162,76,186,186,77,6,78,358,1,36,469,101,151,0,20,374,35,53,112,0,67,47,0,125,353,450,290,330,23,47,0,305,1,52,274,297,126,48,235,50,194,410,49,289,37,0,87,3,457,0,321,289,248,215,95,181,0,0,0,191,450,262,336,348,53,561,0,0,3,22,0,48,35,28,396,51,201,128,61,322,112,0,71,263,0,23,1,327,164,399,21,96,13,16,0,45,152,69,238,196,182,180,94,148,21,28,14,477,0,0,409,521,524,241,37,106,238,121,201,1,0,146,222,271,80,446,214,182,208,103,221,0,28,198,9,62,231,80,35,108,47,1,89,392,65
26,149,170,211,0,33,134,149,187,1,366,57,48,122,70,50,0,88,80,157,0,68,0,0,74,46,0,31,95,35,20,48,64,112,419,197,151,54,94,96,108,146,60,6,32,0,0,63,0,14,56,179,125,82,458,55,0,103,22,108,146,188,2,68,90,21,125,6,204,23,147,147,166,108,27,189,3,45,79,0,0,6,165,69,43,115,72,81,67,76,232,89,0,123,1,0,121,149,92,14,133,0,26,80,56,46,65,1,0,3,40,55,17,99,79,25,7,35,121,0,40,187,122,107,0,10,170,348,15,33,0,390,8,0,93,165,114,117,63,92,37,1,160,1,27,109,198,76,21,95,406,111,257,18,80,58,0,209,4,163,0,104,152,53,82,153,56,0,1,0,42,160,118,132,83,32,178,0,0,0,50,0,32,28,135,153,31,176,76,60,122,91,1,417,92,2,10,1,153,46,165,11,205,4,12,0,40,161,22,53,45,104,83,45,53,11,446,46,131,0,0,162,167,172,128,47,30,178,45,77,0,0,156,70,49,33,165,89,46,84,48,96,0,194,68,4,29,127,276,17,509,60,0,62,183,45
91,122,224,423,0,83,181,23,27,0,35,26,18,13,73,134,0,461,10,171,2,8,0,0,329,66,0,28,198,148,3,4,3,25,5,267,64,5,268,465,119,75,191,12,20,0,0,35,2,13,12,523,278,4,0,210,0,374,27,101,43,84,1,223,417,33,315,6,128,0,6,768,555,39,3,467,5,40,308,0,0,4,6,4,76,378,6,229,442,5,138,37,0,412,0,0,14,235,1,10,3,0,0,517,3,105,60,0,1,3,12,86,1,26,45,24,14,29,288,0,11,211,15,64,0,0,91,1,12,50,0,1,12,1,30,65,335,84,151,3,1,0,626,1,25,501,35,8,0,159,2,229,228,1,323,9,0,9,2,91,0,250,98,11,275,7,238,2,0,0,7,362,108,381,189,0,458,0,0,7,7,0,97,2,4,268,2,33,17,52,147,7,8,6,248,1,9,0,94,134,191,7,3,4,24,0,2,19,148,237,4,67,410,31,44,0,0,6,227,0,0,296,425,221,37,61,1,159,38,151,3,3,8,405,79,47,211,44,3,54,29,366,0,2,17,0,25,192,1,3,15,24,0,11,189,40
19,327,662,266,0,63,984,184,327,4,69,210,80,1279,114,65,0,90,1039,692,1,701,0,0,3053,40,0,72,62,9,786,1193,1695,95,36,559,227,1184,40,88,209,467,1548,5,30,0,0,178,0,37,271,356,197,1617,21,51,0,81,10,741,125,440,0,94,111,21,183,0,617,692,16,112,260,332,89,158,4,58,40,0,0,3,14,122,100,330,786,222,37,620,522,174,0,112,0,0,22,92,4,7,8,0,224,86,1497,14,130,8,5,11,22,108,284,285,194,32,7,34,278,0,215,640,57,445,0,600,412,8,22,65,0,14,5,0,52,857,287,733,177,16,304,0,101,1,228,109,1115,86,916,119,4,61,425,139,2684,15,0,52,0,870,0,343,438,519,80,58,138,0,0,0,497,382,2304,134,247,781,351,0,0,0,15,0,14,635,23,471,183,191,91,64,326,655,0,47,138,0,7,1,462,1215,471,4,36,4,0,0,251,86,2,2539,663,325,30,68,452,317,4,8,382,1,0,426,359,554,830,27,434,214,44,103,0,0,202,110,116,386,565,698,1012,245,39,105,0,51,811,139,211,180,34,48,43,294,0,211,926,24
88,389,286,350,0,42,82,211,317,1,7,62,36,91,87,92,0,224,60,502,0,23,0,0,37,65,0,22,211,27,26,44,29,97,38,386,63,50,74,205,91,122,22,2,22,0,0,109,0,6,97,442,235,46,46,104,0,155,4,146,206,386,0,128,244,18,214,3,142,6,59,403,473,135,64,236,13,102,100,0,0,1,22,16,80,269,57,190,90,108,146,163,1,281,0,0,12,228,1,8,13,0,45,211,33,32,60,1,3,9,8,106,13,122,139,49,8,33,217,0,26,324,154,39,0,6,272,18,10,51,0,17,34,0,38,153,218,124,126,2,11,0,373,1,27,180,113,48,12,71,12,96,117,39,56,81,0,38,6,312,0,132,305,48,166,58,104,0,0,0,41,240,83,172,176,23,474,0,0,4,18,0,35,10,4,356,28,179,82,53,302,36,0,79,119,1,10,0,94,17,437,12,70,11,16,0,48,201,29,32,17,62,66,67,20,10,10,12,229,1,0,238,398,567,75,169,23,28,55,51,0,0,108,164,55,17,543,53,37,68,88,231,0,73,33,6,46,216,34,27,7,37,1,169,232,33
107,126,250,336,0,111,48,17,32,0,0,14,18,15,55,213,0,299,11,300,35,5,0,0,15,28,0,21,235,207,1,10,1,11,0,388,49,3,362,280,196,82,23,4,76,0,0,38,7,7,11,903,238,1,0,207,0,469,76,109,30,65,0,218,392,26,358,18,111,0,1,490,659,25,8,632,2,17,340,0,0,1,2,0,87,554,2,175,548,3,117,31,0,551,0,0,2,328,0,0,0,0,0,648,3,215,46,4,0,5,6,74,1,15,42,22,3,10,286,12,6,318,5,35,0,1,52,0,21,56,4,0,45,12,10,72,440,67,84,0,10,0,308,1,14,633,32,2,0,358,0,266,167,0,21,8,0,3,9,74,0,243,87,6,480,2,284,18,0,0,1,522,28,280,217,3,592,0,0,6,1,0,153,0,0,384,0,14,11,77,163,10,29,0,247,1,10,1,88,22,225,14,1,8,80,0,0,8,216,4,2,29,424,22,10,0,0,6,209,0,0,463,464,343,35,174,0,10,34,282,16,22,2,132,34,12,324,17,1,65,31,209,0,1,9,0,16,259,0,4,0,28,0,14,228,62
112,337,572,650,0,143,73,67,69,0,4,55,53,26,81,400,0,637,45,536,118,15,0,0,30,43,0,75,245,494,3,40,19,47,4,705,98,16,722,713,351,212,48,15,135,0,0,90,80,51,69,1181,179,35,7,361,0,833,113,234,128,163,1,402,770,88,685,28,116,0,16,865,874,85,23,1038,26,104,608,0,0,3,10,3,144,941,19,376,888,41,334,72,4,814,0,0,29,316,4,54,18,0,4,1012,21,347,94,2,2,33,22,127,3,49,103,61,21,37,557,96,32,625,43,59,0,1,164,4,22,112,15,7,40,52,81,175,643,179,215,46,6,0,686,1,20,948,51,18,1,497,1,502,413,2,33,21,0,25,26,177,0,401,237,22,640,7,518,127,0,0,15,736,67,599,430,3,1011,0,0,32,11,0,398,1,26,559,2,51,57,68,382,18,88,14,556,0,53,4,237,48,448,48,26,38,202,0,5,78,594,28,13,95,772,49,24,0,2,15,494,0,0,734,721,685,100,143,1,50,70,428,126,126,6,390,105,21,642,42,5,134,72,425,0,19,25,0,32,294,8,17,0,51,0,87,469,149
47,393,348,190,0,85,153,342,326,1,71,107,109,437,244,193,0,96,388,445,0,421,0,0,65,42,0,178,167,39,250,396,863,328,147,468,220,363,112,106,121,286,53,12,97,0,0,121,0,86,237,367,226,643,164,60,0,151,71,420,339,409,4,144,86,59,273,1,225,134,106,133,284,553,81,227,42,280,45,0,0,11,80,290,157,238,619,241,142,622,505,370,6,217,0,0,141,215,6,129,118,0,443,192,660,149,189,3,23,35,110,134,524,341,168,83,16,153,193,0,74,371,148,188,0,181,270,149,41,69,1,207,84,0,180,466,216,439,165,82,277,0,106,1,134,181,332,453,347,153,139,82,307,383,79,27,0,183,2,588,0,295,316,686,163,271,36,0,0,0,655,289,269,119,178,298,364,0,0,3,51,0,15,241,100,341,362,302,255,58,367,354,0,202,267,5,34,22,267,57,370,48,281,56,29,0,330,297,10,54,292,219,95,128,206,334,88,57,302,0,0,193,343,445,338,33,550,188,78,94,0,0,244,66,180,131,467,313,611,256,45,99,0,78,284,60,84,231,233,172,55,118,9,201,240,73
71,381,460,415,0,130,167,175,180,0,102,76,82,242,127,182,0,294,128,460,4,140,0,0,182,34,0,80,125,102,29,156,148,140,76,508,140,90,258,314,307,281,181,4,71,0,0,156,1,43,70,547,172,137,63,163,0,327,70,204,223,341,2,352,381,80,356,3,314,11,67,518,544,201,30,506,12,150,210,0,0,19,54,24,179,583,121,385,290,177,509,170,0,339,0,0,32,141,1,11,21,0,32,352,171,141,96,12,1,7,30,138,44,125,166,62,6,84,357,1,23,453,119,145,0,6,298,25,47,104,0,92,22,0,135,305,478,226,274,31,20,0,451,1,38,369,222,75,29,320,57,210,412,14,136,44,0,115,0,409,0,312,342,173,270,57,211,0,0,0,110,501,175,390,332,37,530,0,0,4,25,0,75,16,53,398,26,191,112,86,364,74,3,77,288,0,30,1,323,125,430,26,99,19,24,0,28,117,108,113,153,143,229,97,102,15,39,21,438,1,0,492,469,529,197,73,28,155,87,257,2,1,73,271,196,32,440,165,121,167,94,294,0,18,154,3,47,242,40,37,58,45,1,95,468,71
99,238,336,327,0,30,40,52,127,0,31,16,27,28,123,229,0,227,19,661,50,7,0,0,18,58,0,41,213,219,1,17,19,64,27,564,52,7,296,286,208,62,13,14,86,0,0,43,21,9,48,815,212,25,11,226,0,343,262,290,108,221,39,170,203,14,435,96,47,2,16,380,672,86,6,552,45,42,167,0,0,0,12,1,44,447,9,194,483,60,174,87,92,543,0,0,33,226,23,4,15,0,1,629,11,227,111,0,11,102,15,89,3,41,64,27,12,25,336,19,6,425,26,18,0,0,145,14,4,35,26,17,40,23,29,157,268,101,107,17,10,0,300,1,8,597,47,26,1,338,12,159,177,0,25,6,0,22,88,316,0,145,150,30,417,14,83,62,0,0,2,482,24,196,167,3,716,132,0,131,6,0,94,2,21,475,2,101,40,59,317,3,46,21,222,11,92,47,116,16,391,71,28,59,188,0,2,39,85,14,6,30,426,15,11,0,16,7,279,0,0,470,497,649,27,147,2,80,31,246,51,41,38,188,68,7,887,11,3,60,15,173,0,13,6,0,14,173,19,15,10,23,33,38,257,92
64,521,533,167,0,98,188,599,554,23,142,163,160,601,337,174,0,75,496,738,1,405,0,0,208,47,0,166,126,52,691,668,985,423,155,446,288,470,103,173,131,315,156,97,211,0,0,287,0,79,337,389,72,874,143,47,0,109,136,491,506,829,147,306,130,78,277,31,274,679,127,166,274,809,63,157,161,303,45,0,0,5,88,309,229,358,826,442,83,949,375,630,148,167,1,0,163,116,167,132,76,0,666,194,768,168,274,4,203,155,116,310,532,579,421,136,23,162,237,0,194,496,186,220,0,840,335,160,76,141,4,112,84,1,174,473,220,459,373,49,287,0,142,1,224,138,374,571,526,125,110,62,240,419,288,75,0,177,46,969,0,162,625,1018,139,229,49,3,0,0,983,242,399,114,304,404,438,74,0,77,67,0,20,361,65,407,459,574,299,61,599,375,2,203,176,85,146,311,323,135,733,98,222,125,101,0,502,263,12,222,414,233,75,177,236,531,54,73,574,1,0,257,310,667,452,85,794,157,286,93,0,0,438,208,439,166,671,522,957,327,126,107,0,123,471,159,125,119,188,203,120,228,166,195,289,120
92,250,387,286,0,62,159,48,119,0,25,20,24,42,105,232,0,169,28,726,18,22,0,0,114,36,0,30,172,148,6,27,35,32,7,752,57,16,276,146,196,127,65,15,66,0,0,50,12,14,36,905,209,36,3,186,0,379,172,294,78,272,2,135,184,19,571,29,67,7,5,236,549,84,8,542,25,35,156,0,0,2,6,3,58,461,14,200,336,44,247,41,5,571,0,0,10,242,2,2,6,0,1,579,33,166,77,2,2,50,12,80,3,45,60,21,29,21,470,7,8,584,18,25,0,6,114,3,9,44,7,8,31,4,22,230,310,143,84,7,10,0,168,1,14,601,29,17,1,400,2,134,218,0,119,5,0,13,21,281,0,271,178,28,388,8,133,11,0,0,7,774,105,144,163,1,684,13,0,16,3,0,102,2,9,673,0,76,23,71,309,16,10,7,209,3,41,14,136,58,427,54,10,42,80,0,2,23,95,51,16,52,349,31,70,2,3,6,344,1,0,647,645,582,43,134,4,65,20,243,15,11,22,47,34,14,903,32,13,87,22,163,0,5,30,1,22,223,3,8,13,18,6,25,555,96
79,325,492,301,0,48,90,98,189,1,5,37,32,45,140,282,0,196,44,1113,2,36,0,0,41,62,1,55,211,117,4,54,128,81,47,875,114,26,255,210,225,156,30,12,82,0,0,64,0,31,77,1028,158,111,32,229,0,321,211,421,151,338,6,173,207,29,574,97,102,3,27,262,669,135,12,481,29,63,125,0,0,9,21,5,49,531,71,241,293,190,322,132,4,518,0,0,35,211,11,30,26,0,13,549,101,154,136,0,10,48,33,84,4,77,102,30,19,34,454,0,25,654,49,58,0,1,166,14,8,39,0,44,39,0,47,292,314,220,131,39,40,1,222,1,25,501,75,47,5,334,26,165,295,2,51,16,0,47,84,515,0,259,216,72,394,28,85,3,0,0,33,567,63,170,245,6,913,1,0,81,10,0,69,10,36,743,7,124,46,51,412,33,5,36,256,5,65,18,226,45,558,34,50,39,98,0,11,70,59,34,62,82,243,37,67,1,28,9,488,7,0,629,592,1007,97,79,11,76,38,223,2,1,45,115,71,21,1289,39,30,147,28,169,0,36,63,3,41,196,28,41,5,38,2,67,436,90
70,289,254,171,0,247,73,275,206,0,204,54,138,95,88,79,0,111,141,351,0,100,0,0,40,46,0,173,97,39,89,97,156,249,192,302,134,72,123,93,117,202,28,7,23,0,0,164,0,37,102,276,99,119,175,66,0,163,55,152,199,272,0,193,120,186,177,16,151,60,234,163,230,179,96,237,14,257,91,0,0,14,115,109,145,212,104,154,90,185,278,166,0,175,0,0,114,133,1,7,199,0,68,155,124,35,101,6,3,8,85,158,84,162,207,76,14,261,177,0,23,291,256,119,0,26,287,205,89,81,0,305,131,0,238,215,197,150,71,83,56,0,109,1,45,168,109,180,43,125,212,140,244,81,37,143,0,164,12,337,0,143,308,133,133,229,125,0,0,0,122,225,119,145,178,56,241,0,0,23,92,0,28,20,105,246,104,274,178,55,247,93,0,188,114,1,14,0,194,22,342,18,400,1,0,0,142,254,24,30,96,102,116,164,66,41,210,123,222,4,1,174,285,354,147,72,76,129,169,104,0,0,86,41,72,46,327,122,85,143,111,95,0,38,78,10,74,124,163,21,89,43,0,120,174,37
55,337,365,135,0,28,151,418,556,1275,37,178,103,784,371,103,858,46,554,426,5,634,24,0,40,38,647,185,122,45,1369,749,1374,283,135,418,198,774,94,81,127,254,70,34,89,0,0,151,2,137,307,252,376,1053,157,48,475,113,120,478,470,554,14,135,55,34,217,28,216,1757,70,73,165,624,42,197,60,184,31,0,0,12,59,451,143,198,1092,253,93,1064,484,559,48,175,791,0,166,331,32,161,69,0,989,138,933,93,344,3,91,83,131,180,860,621,264,81,2,94,180,0,338,392,140,300,0,2103,229,166,46,67,0,157,37,0,106,453,118,379,240,83,279,541,51,1,381,159,561,699,1183,145,111,37,241,812,68,33,0,201,17,662,0,133,365,990,145,310,36,3,0,0,1281,192,319,87,161,854,253,16,241,28,53,55,25,653,97,247,642,442,247,73,312,471,0,235,145,32,80,66,252,60,392,70,196,53,47,0,709,290,9,88,597,228,84,146,309,1600,68,19,369,4,0,151,239,395,396,118,1486,67,115,97,1,0,507,85,252,210,419,547,1239,227,84,60,403,137,643,729,150,276,342,174,29,316,45,294,178,99
61,532,671,255,0,103,173,546,493,61,46,188,175,687,376,217,0,111,443,749,2,352,0,0,158,47,0,165,119,61,504,719,1261,392,135,614,346,375,156,199,166,374,97,204,282,0,0,272,1,85,369,446,343,1059,154,72,0,163,240,575,585,828,233,295,162,114,337,60,346,464,135,217,333,852,64,279,262,352,79,0,0,7,71,288,240,407,944,543,131,1156,635,611,278,204,0,0,123,322,244,67,51,0,676,185,937,190,371,14,407,264,107,354,585,594,440,133,3,141,226,0,180,634,180,207,0,493,413,56,61,163,8,76,78,3,144,619,286,535,421,51,330,2,173,1,166,212,463,571,373,220,60,117,409,410,216,73,0,164,67,1079,0,187,574,1224,192,211,106,2,0,0,902,294,367,213,365,304,402,88,6,160,63,0,45,308,60,399,410,521,344,74,606,312,5,191,250,169,184,362,440,101,696,173,192,241,178,0,499,271,33,169,462,235,160,168,204,358,38,56,666,8,0,262,375,670,376,114,729,79,294,195,1,2,369,258,445,102,635,386,1017,369,113,143,0,127,444,150,148,256,144,231,22,242,312,245,293,171
53,351,366,92,0,34,155,419,582,958,42,164,119,925,361,135,993,28,728,452,0,767,2089,0,86,43,1010,209,125,53,939,847,1671,306,154,339,266,984,105,45,120,273,76,55,92,0,0,138,0,147,315,244,364,1342,192,51,1244,117,122,621,471,587,27,98,45,24,181,39,245,1282,81,46,127,620,47,172,83,194,32,5,0,0,76,372,102,178,1293,237,69,1320,425,532,42,154,918,60,155,323,53,108,78,0,965,113,1152,90,404,5,109,111,122,189,822,659,236,75,3,94,143,0,335,372,169,321,0,1442,262,145,47,59,0,135,72,0,115,466,125,436,197,150,487,462,39,1,483,161,605,658,1369,125,97,45,210,653,138,23,0,224,24,842,0,125,431,1137,148,282,42,0,0,0,1272,163,357,81,169,1113,259,20,307,45,50,969,26,856,152,232,536,431,228,71,331,626,0,231,121,42,94,137,223,70,421,118,190,91,57,0,606,311,16,120,675,240,88,103,395,1072,90,19,394,1,0,159,203,384,503,107,1339,87,126,60,1,0,565,70,252,297,341,593,1457,289,63,39,450,144,714,576,203,267,304,303,25,363,39,243,152,85
57,450,530,179,0,77,144,544,519,25,42,183,165,847,336,143,0,59,536,420,0,502,0,0,168,44,0,140,123,39,851,832,1470,418,149,339,257,506,96,131,115,335,91,119,146,0,0,298,0,71,317,229,361,1123,156,38,0,116,97,436,485,726,114,212,106,85,197,24,392,613,143,106,144,814,87,162,136,310,65,0,0,8,68,357,249,222,1037,360,57,1158,455,648,94,144,1,0,135,330,168,69,43,0,1016,97,1007,102,264,14,195,128,105,316,908,631,436,134,3,140,164,0,144,432,175,223,0,684,446,77,79,148,0,89,52,0,161,510,161,386,300,35,298,0,105,1,160,124,602,714,580,115,54,72,305,707,213,83,0,146,27,904,0,175,579,1329,122,253,76,1,0,0,1275,157,322,162,223,473,240,16,0,37,63,0,36,325,44,254,582,529,360,68,482,349,0,218,144,67,112,221,278,101,514,105,220,106,48,0,639,237,26,166,568,240,88,174,247,752,33,70,544,3,0,149,269,405,412,106,1231,80,299,93,0,0,440,161,476,130,356,567,1299,291,115,123,0,119,601,143,106,267,184,188,28,204,134,251,153,83
123,70,21,139,0,141,27,0,0,0,0,102,8,0,3,509,0,156,0,1,312,0,0,0,1,46,0,0,129,2414,1,0,0,0,0,99,207,0,2423,410,1282,66,28,219,280,0,0,9,134,0,1,11,116,0,0,1069,0,2011,283,1,1,0,6,161,573,43,157,28,116,0,0,108,74,0,10,1894,182,4,2986,0,0,1,0,0,74,30,0,27,2073,0,12,3,22,592,0,0,0,125,147,0,0,0,0,539,0,725,9,1,15,90,0,44,0,0,9,14,24,0,98,74,59,1,1,64,0,0,3,0,18,60,12,0,44,36,7,3,107,17,6,0,1,0,156,1,23,1056,4,0,0,1224,0,1492,656,0,8,9,0,0,2,0,0,375,5,0,1231,0,2637,265,0,0,0,377,34,563,106,0,20,5,0,177,1,0,2686,0,0,8,0,0,0,82,5,10,221,0,652,26,453,5,41,21,2,95,0,85,629,0,0,2,6076,4,0,21,3538,15,2,0,0,8,9,2,0,189,24,1,32,288,0,1,32,1795,264,242,0,78,2,32,0,8,0,150,231,142,0,0,0,2,124,130,0,7,0,153,5,1,77,1095
63,233,158,248,0,155,427,382,327,1198,9,240,199,594,309,64,422,160,356,208,0,309,218,0,1546,30,388,292,138,32,903,346,477,388,92,134,231,565,41,528,110,289,1307,26,31,0,0,226,0,144,174,125,439,418,172,158,1087,88,44,277,306,411,1,516,59,446,93,42,570,1595,202,302,202,494,428,76,39,591,41,1,0,124,69,533,257,129,423,467,53,347,310,441,0,80,522,1,206,311,21,262,301,0,550,72,350,26,212,40,8,17,216,199,880,535,256,124,1,242,152,0,589,151,221,552,0,1347,282,294,364,161,0,400,74,0,746,240,167,233,685,50,311,610,581,1,623,40,648,630,743,65,157,45,203,570,1852,143,0,193,34,307,0,113,384,402,53,426,71,0,0,0,667,185,835,142,264,620,165,0,755,52,88,1267,19,609,57,129,696,319,313,81,250,332,0,283,92,5,29,4,281,1122,238,12,508,6,9,0,688,313,12,1572,263,287,40,147,521,605,171,251,229,35,0,156,102,186,266,107,604,35,401,45,0,0,381,1286,984,575,183,891,491,227,316,582,635,75,478,1030,508,279,246,260,11,341,0,258,418,92
67,368,642,268,0,42,144,180,319,0,15,25,33,191,175,176,0,183,172,1053,0,125,0,0,56,64,0,40,181,27,52,263,659,140,83,750,99,65,122,136,163,159,48,3,37,0,0,76,0,27,103,874,253,481,53,83,0,180,44,535,215,458,3,142,223,26,508,12,98,25,36,278,615,199,32,306,15,57,62,0,0,0,28,40,81,530,355,212,107,555,417,191,0,408,0,0,66,262,4,73,26,0,61,320,500,69,116,3,0,16,22,92,47,134,144,52,14,22,438,0,23,698,46,99,0,14,232,83,9,51,0,56,9,0,77,486,257,318,122,22,32,0,139,1,35,280,159,131,31,144,44,60,305,31,88,16,0,44,11,872,0,286,248,282,246,89,51,0,0,0,204,413,151,165,171,27,838,1,0,16,14,0,23,34,24,659,46,205,61,58,502,78,0,74,230,1,28,7,249,48,573,20,86,9,11,0,51,147,13,49,255,83,93,54,133,18,29,11,602,1,0,415,711,970,179,58,129,41,52,129,1,0,145,65,78,28,1231,134,259,122,20,153,0,33,228,2,24,204,106,23,7,50,3,86,374,45
73,386,297,295,0,181,114,164,135,0,189,66,56,69,74,98,0,160,90,249,0,41,0,0,117,78,0,74,104,41,6,31,22,226,135,389,105,38,145,150,148,202,71,2,49,0,0,120,0,24,85,392,42,42,85,89,0,196,23,110,202,208,0,297,244,119,285,1,157,2,130,246,331,154,54,315,7,319,165,0,0,7,53,2,162,371,25,303,124,32,283,92,0,233,0,0,41,94,0,23,123,0,19,241,33,61,47,3,1,10,29,141,14,65,135,134,7,134,266,0,31,320,178,78,0,0,371,118,42,100,0,66,36,0,146,165,293,115,198,24,15,0,220,1,16,296,93,48,3,219,106,156,320,9,103,100,0,41,0,209,0,148,278,50,181,118,179,0,0,0,31,391,136,285,356,11,297,0,0,0,32,0,29,7,16,288,4,205,142,51,200,44,1,93,164,1,10,0,205,48,291,20,107,9,16,0,16,281,52,83,46,74,146,119,38,5,75,90,243,0,0,366,360,371,92,78,7,153,161,141,0,0,26,62,82,20,269,75,21,100,101,168,0,83,70,4,48,141,38,7,111,32,0,170,283,30
127,136,176,1575,0,80,25,41,35,0,24,130,45,324,384,136,0,1205,62,150,0,133,0,0,10,71,0,45,239,104,4,54,80,59,1,201,229,122,261,1742,108,212,9,23,16,0,0,51,0,79,12,422,136,78,4,758,0,226,28,220,112,135,4,716,579,134,272,24,630,5,5,1994,1044,151,7,314,21,133,305,0,0,17,5,4,319,623,73,699,438,133,781,138,1,325,0,0,112,148,5,43,22,0,15,348,40,67,64,0,4,18,86,98,22,63,55,63,20,46,177,0,39,243,15,210,0,6,63,7,42,115,0,56,29,0,77,96,476,65,496,117,13,0,2390,1,42,468,433,34,13,83,57,211,414,6,7,10,0,29,18,144,0,184,72,101,162,21,207,0,0,0,120,170,24,903,536,55,462,0,0,23,8,0,124,33,79,105,7,30,26,37,319,93,7,14,323,12,18,8,201,7,228,35,26,13,16,0,6,25,108,1,153,178,365,51,124,15,30,25,500,1,0,109,687,359,137,94,16,41,96,64,0,0,9,2841,456,31,237,257,26,196,171,1782,0,0,79,4,39,92,20,38,14,69,1,25,54,121
42,322,250,149,0,293,86,369,242,0,115,124,180,191,117,107,0,72,236,243,0,208,0,0,24,40,0,430,105,38,58,168,237,301,305,260,220,144,78,81,117,196,20,9,73,0,0,212,0,193,111,184,129,197,410,42,0,117,73,164,263,322,0,178,103,299,168,0,206,15,491,128,172,343,196,166,15,426,51,0,0,124,223,229,186,184,197,168,41,235,408,177,0,112,0,0,129,147,3,21,440,0,146,95,216,77,81,18,2,12,162,183,233,177,237,102,12,479,152,0,57,254,332,162,0,19,288,428,159,88,0,593,194,0,375,196,182,252,96,321,113,0,92,1,77,105,208,298,103,97,417,112,280,129,21,203,0,213,3,319,0,113,283,278,108,412,84,0,0,0,196,173,133,154,224,113,205,0,0,6,233,0,17,61,320,190,192,311,296,55,228,217,0,485,137,1,27,3,237,21,292,41,745,12,10,0,222,403,14,15,129,125,43,206,89,83,455,171,214,1,0,134,209,290,247,46,86,266,165,84,0,0,105,66,76,65,246,204,157,259,162,63,0,183,127,13,87,196,230,50,79,63,0,248,165,45
65,261,315,152,0,70,223,428,293,1,262,121,123,363,116,98,0,75,447,439,2,327,0,0,145,56,1,274,145,44,354,386,529,330,295,405,185,408,107,61,143,323,112,8,71,0,0,110,1,91,260,325,131,528,343,54,0,153,87,390,283,345,3,69,70,52,216,72,175,157,163,77,186,380,136,219,34,155,55,0,0,14,154,658,159,197,400,112,98,385,454,314,4,191,0,0,130,192,12,57,118,0,510,152,481,71,137,4,17,53,122,157,567,416,162,94,10,221,176,0,115,387,230,208,0,164,305,192,79,77,0,210,53,0,123,355,135,347,69,129,306,0,62,1,126,159,251,596,385,160,178,86,258,643,161,50,0,227,54,418,0,223,297,476,129,336,54,1,0,0,514,267,307,87,128,399,303,1,0,66,94,0,15,235,176,336,585,323,304,72,186,331,2,396,112,7,50,10,316,73,266,34,368,29,21,0,700,361,20,108,290,178,88,141,226,356,152,61,340,3,0,295,271,329,412,45,550,122,139,122,1,1,475,54,92,137,502,369,385,252,82,72,2,282,333,82,115,179,341,126,292,120,2,317,316,79
110,189,326,461,0,64,199,33,31,0,1,30,20,14,74,257,0,336,29,424,33,14,0,0,202,48,0,5,181,320,1,12,1,18,0,532,88,5,408,429,294,125,252,17,83,0,0,62,7,1,38,732,204,19,0,299,0,542,39,226,51,140,0,266,406,21,417,15,110,0,3,652,677,53,3,619,23,35,348,0,0,0,0,0,100,569,7,280,600,12,226,52,4,535,0,0,3,267,4,0,0,0,0,575,14,201,104,0,1,9,4,81,4,28,58,27,20,6,422,2,25,470,7,59,0,1,75,0,8,72,0,0,18,2,9,176,528,158,147,0,7,0,526,1,14,529,25,3,2,322,0,240,294,0,165,7,0,3,4,171,0,376,159,9,434,4,382,12,0,0,8,714,94,308,288,2,581,0,0,6,0,0,197,6,0,506,0,32,22,70,290,19,19,1,338,0,39,1,183,221,380,24,1,22,83,0,0,11,242,122,3,62,531,24,30,0,0,2,259,0,0,713,546,502,46,208,1,19,19,275,11,14,2,372,82,49,572,40,2,128,63,318,0,2,21,1,50,217,0,14,0,35,3,21,592,125
137,156,370,383,0,21,145,5,28,0,0,7,6,11,128,281,0,298,15,655,2,5,0,0,171,48,0,2,218,90,0,12,6,7,0,672,27,2,203,388,132,60,111,7,21,0,0,26,1,0,16,967,204,19,0,212,0,340,13,230,31,94,0,130,267,9,503,6,37,0,0,567,630,31,0,414,5,25,149,0,0,0,0,0,57,450,20,194,330,27,217,28,0,590,0,0,8,254,1,22,0,0,1,694,14,150,42,0,1,3,1,42,1,7,31,20,6,1,534,1,8,585,1,21,0,0,44,0,6,37,1,0,9,0,13,139,293,149,124,0,6,0,483,1,12,716,15,4,0,266,0,85,133,0,175,0,0,1,7,173,0,271,69,9,345,0,121,3,0,0,2,654,105,190,181,0,806,0,0,3,0,0,54,2,0,644,0,17,10,85,180,6,1,4,266,0,15,0,111,96,258,6,1,0,19,0,2,19,47,110,15,35,237,9,39,0,0,1,349,0,0,595,647,545,34,89,0,27,19,159,4,0,1,302,74,13,913,22,2,72,13,316,0,1,22,0,14,188,3,8,0,27,0,11,506,31
84,4,21,128,0,0,12,0,0,0,0,2,0,0,6,170,0,363,0,82,44,0,0,0,0,49,0,2,157,265,0,0,0,0,0,242,8,0,503,365,90,7,3,1,13,0,0,0,9,0,0,493,400,0,0,274,0,674,13,45,0,0,0,4,166,0,500,3,3,1,0,196,333,0,0,819,1,1,192,0,0,0,0,0,2,49,0,5,1367,0,42,0,0,847,0,0,0,170,0,0,0,0,0,1283,0,220,3,0,1,2,0,0,0,0,1,0,11,0,179,15,0,178,0,7,0,0,0,0,0,2,0,0,2,2,0,4,23,13,0,0,0,0,210,1,3,1544,2,0,0,520,0,113,54,0,4,0,0,0,5,0,0,192,1,0,802,0,45,53,0,0,0,442,0,48,3,0,396,0,0,1,0,0,128,0,0,266,0,0,0,64,9,0,23,0,195,1,3,0,14,6,4,3,0,1,27,0,0,0,98,1,0,6,865,0,3,0,0,0,50,6,0,196,330,14,3,217,0,0,0,279,32,43,0,157,0,3,191,0,0,39,1,308,0,0,0,0,6,60,0,0,0,7,0,0,124,35
68,323,444,256,0,49,55,114,210,0,68,47,44,53,202,325,0,204,57,1107,22,31,0,0,15,61,1,53,146,135,24,53,132,92,37,852,178,32,262,232,259,108,18,56,125,0,0,55,17,16,85,1182,156,119,17,272,0,299,419,430,192,360,45,221,166,35,629,375,68,17,24,322,883,220,12,501,143,72,119,0,0,0,21,2,63,640,53,330,367,265,288,205,136,560,0,0,44,165,70,46,19,0,26,613,110,234,204,1,35,224,24,103,20,114,120,35,28,47,450,8,31,667,39,54,0,8,142,19,10,56,1,33,53,3,52,275,310,215,181,23,60,1,240,1,33,628,37,67,10,295,19,147,257,6,20,11,0,47,264,594,0,193,274,148,390,21,61,15,0,0,71,575,40,199,230,13,1066,48,0,347,10,0,57,23,21,701,7,135,66,44,499,59,13,18,239,40,221,118,222,11,617,76,40,115,235,0,27,64,75,6,45,65,274,36,43,4,18,11,484,4,0,549,639,1054,106,116,48,95,36,210,18,8,50,170,125,12,1422,37,53,190,32,190,2,13,34,4,31,146,23,64,31,60,70,62,317,152
71,281,347,267,0,38,86,148,218,0,62,17,55,67,126,144,0,139,50,611,10,32,0,0,35,35,0,50,179,68,5,56,47,134,103,465,67,14,137,162,130,136,33,4,46,0,0,94,8,2,50,613,165,85,96,101,0,212,87,231,170,326,1,167,190,14,313,16,101,1,58,265,472,167,16,277,25,60,98,0,0,1,48,22,100,458,71,219,146,117,270,117,11,280,0,0,32,234,2,4,19,0,18,263,59,87,73,0,10,31,22,114,16,104,116,64,22,45,278,4,11,439,107,54,0,3,254,33,15,57,12,49,44,6,53,223,273,201,95,17,24,0,181,1,10,246,76,66,6,167,42,105,219,14,47,20,0,99,11,414,0,195,232,107,220,51,78,9,0,0,39,305,63,162,188,4,576,4,0,20,15,0,44,6,30,445,16,210,81,69,288,32,9,94,146,0,29,14,168,29,425,28,95,21,50,0,12,114,22,16,49,50,149,55,61,2,26,12,377,1,0,349,386,611,81,139,12,52,48,117,4,2,108,71,57,18,672,44,17,66,16,163,0,99,53,1,26,159,68,11,55,17,6,48,256,53
109,191,159,434,0,543,369,171,140,8,83,119,482,279,181,37,0,319,214,73,1,204,0,0,1394,46,0,167,185,51,454,159,153,119,130,111,191,232,66,623,116,247,984,27,25,0,0,410,0,415,132,155,101,158,128,226,0,108,13,195,124,194,0,357,131,267,105,18,396,195,109,406,213,202,1999,159,11,313,109,0,0,2316,153,249,156,134,167,314,188,158,404,163,0,102,1,0,129,158,36,166,267,0,97,101,261,29,155,2093,0,18,204,99,356,450,277,73,17,158,91,0,257,145,396,228,0,82,245,218,171,96,0,396,30,0,596,228,234,153,316,329,86,0,576,1,178,129,298,198,165,53,155,49,327,157,1121,111,0,395,13,107,0,138,335,237,57,113,128,0,0,0,185,106,557,261,206,139,146,0,1,45,177,0,26,68,766,67,198,96,123,52,162,240,0,90,145,9,11,2,195,718,175,27,167,2,1,0,304,200,36,1023,211,215,138,279,259,122,279,102,224,22,0,104,180,111,163,37,155,160,221,35,0,0,168,1055,452,326,102,454,188,236,240,628,0,54,224,87,291,223,68,35,63,164,3,151,174,67
36,162,91,39,7140,219,78,472,279,1214,382,277,342,176,167,33,1604,25,165,31,4,256,52,13877,73,37,1295,660,38,26,462,127,80,615,310,57,218,235,58,39,75,174,84,78,122,0,0,124,6,1273,228,40,17,117,1068,12,1249,42,143,37,322,178,4,137,26,663,32,48,116,490,392,38,38,326,324,71,120,376,18,4248,51,297,400,1544,173,35,165,111,32,132,149,370,34,21,1891,71,670,46,50,198,686,4822,787,26,90,84,165,43,86,62,625,108,818,443,208,143,12,556,34,1,511,43,385,198,0,463,145,1048,199,104,2,1031,132,3,399,79,58,119,126,1333,314,308,36,1,531,34,206,1335,430,53,868,24,80,1596,149,174,2,558,45,70,4,52,210,241,26,1190,18,3,0,8524,367,50,116,46,107,423,37,10,470,113,522,511,27,282,1002,34,1365,315,451,61,70,361,5,1073,88,73,105,57,139,55,87,201,940,136,45,1,1159,545,20,65,138,250,53,207,107,798,869,228,66,88,9,36,43,70,186,54,452,120,195,52,5,5,760,35,263,279,38,273,122,206,421,20,489,713,158,523,336,88,1195,217,390,322,17,564,47,78
34,411,132,339,0,231,83,210,145,0,15,64,135,87,219,267,0,54,59,248,222,53,0,0,32,17,0,153,46,311,2,36,64,232,123,311,234,35,569,223,343,189,47,45,508,0,0,122,144,33,50,410,163,39,95,62,0,428,571,145,354,195,31,470,166,130,231,106,147,5,157,338,501,209,50,389,146,367,335,0,0,41,84,9,138,500,85,523,687,133,356,242,185,320,0,0,110,106,53,56,118,0,48,586,38,779,200,1,36,304,75,120,22,114,145,60,25,166,132,103,50,199,159,55,0,0,235,112,28,87,210,139,139,128,163,117,444,108,374,71,53,0,281,1,42,708,89,107,9,463,136,220,409,14,55,56,0,101,98,174,0,64,224,98,288,101,330,301,0,0,78,441,53,277,513,29,422,185,0,291,60,0,128,15,61,171,14,214,161,82,268,58,129,121,270,24,260,60,289,92,349,358,184,368,644,0,17,227,329,19,9,73,780,87,10,7,106,62,173,13,0,272,301,347,85,322,36,2,107,381,118,194,31,227,214,30,271,65,48,323,179,62,0,45,11,4,75,67,65,68,4,67,51,118,175,290
56,337,410,119,0,52,176,393,541,1501,49,188,110,945,400,93,621,42,630,352,2,657,2,0,155,39,957,164,117,32,1187,890,1791,311,151,260,246,642,81,78,111,300,98,41,68,0,0,148,1,115,270,183,309,1382,149,31,55,94,64,631,436,629,18,117,51,58,161,17,316,1752,81,76,130,568,44,144,58,170,45,0,0,7,58,294,120,170,1328,217,54,1308,397,535,28,104,1152,0,187,281,55,168,65,0,881,91,1197,67,363,7,81,92,122,157,693,590,270,99,2,85,120,1,237,345,135,302,0,2054,238,137,62,85,0,143,44,1,107,458,111,424,182,121,286,530,62,1,327,122,709,589,925,141,124,59,228,624,193,42,0,167,17,841,0,122,434,1188,101,240,39,2,0,0,1245,147,427,119,152,639,198,10,855,37,40,29,22,543,116,195,482,441,198,82,358,395,0,186,108,23,60,57,266,122,440,56,148,68,49,0,464,226,18,198,663,222,64,107,365,1224,73,42,405,10,2,117,194,350,419,98,1137,83,186,102,0,0,507,85,247,209,283,685,1549,262,76,66,591,116,736,539,153,249,275,212,37,261,31,186,178,68
39,482,225,169,0,733,55,535,110,117,242,660,691,182,212,104,14,45,100,34,12,81,0,0,110,51,45,636,47,92,56,73,40,924,251,140,512,99,289,102,206,465,40,395,510,2675,5237,425,20,274,74,110,37,52,577,6,0,217,184,143,661,220,860,1121,250,2111,30,16,338,39,990,107,164,374,319,186,914,1170,200,0,0,47,488,47,349,266,79,474,79,68,351,541,353,35,39,0,462,79,418,56,636,0,110,79,54,563,497,21,310,122,436,165,64,246,430,453,16,1189,69,4,173,85,1018,81,4824,54,632,548,229,281,24,555,204,2,761,88,258,162,809,225,127,46,111,1,247,124,239,298,52,121,718,271,469,70,81,899,1230,664,27,91,2041,50,562,53,68,690,478,11,928,0,75,228,146,422,483,171,62,90,54,76,725,0,126,97,186,74,162,426,505,69,225,205,10,448,140,574,727,761,416,42,245,563,927,793,417,2312,141,693,253,39,11,249,183,434,4,104,604,341,130,2965,2031,126,96,166,353,73,23,159,631,141,9,9,70,180,609,75,46,155,24,568,1686,21,32,130,11,105,413,173,161,81,154,203,719,333,124,318
63,478,631,227,0,97,235,523,506,435,145,186,182,804,365,180,0,61,516,587,13,489,0,0,203,30,10,153,137,64,755,860,1479,372,161,462,363,396,163,165,216,445,167,173,316,0,0,263,10,85,344,313,81,1234,169,40,0,142,304,590,597,779,199,299,136,96,249,76,365,1041,131,175,223,768,66,212,255,297,63,0,0,3,72,191,191,332,1037,469,111,1189,678,546,332,103,50,0,133,121,181,66,38,0,561,180,1203,246,310,15,308,276,86,301,504,518,406,132,25,115,177,3,221,534,224,249,0,1319,379,70,53,139,21,114,82,10,152,626,232,543,408,61,338,2,126,1,220,187,577,499,373,253,97,105,451,359,293,73,0,188,85,889,0,174,595,1125,155,189,87,8,1,0,912,287,479,189,360,334,329,153,33,155,61,0,35,309,60,330,389,506,303,71,576,382,22,231,211,135,222,301,514,147,662,221,176,275,179,0,391,275,35,257,530,248,130,167,235,482,49,74,616,62,0,336,297,540,514,70,655,138,276,222,10,7,356,224,401,161,472,532,1088,409,171,103,3,182,571,191,142,119,147,243,81,225,239,266,390,188
21,335,489,127,0,51,234,398,556,941,113,151,103,993,380,142,705,37,693,579,3,702,5,0,127,64,911,142,78,56,798,991,2260,261,147,450,268,835,108,77,152,297,147,94,138,0,0,126,0,77,312,308,272,1711,131,45,190,127,132,733,421,648,42,118,74,45,253,18,277,1210,77,70,157,521,64,214,97,155,44,0,0,3,71,326,123,252,1361,259,85,1528,491,497,82,160,861,0,143,256,96,108,50,0,689,157,1456,124,379,3,176,159,87,179,617,561,272,89,26,85,200,0,277,535,129,257,0,1367,249,121,35,70,0,101,49,0,123,596,152,520,212,81,347,435,51,1,399,178,611,560,997,166,102,57,285,479,140,35,0,163,15,1061,0,158,431,1203,158,242,48,1,1,0,1175,219,448,100,160,757,330,24,445,44,41,55,24,642,90,310,449,368,181,55,399,474,1,191,164,58,111,135,304,113,466,101,177,101,66,0,454,211,18,93,756,242,86,90,344,865,63,36,530,8,1,191,282,498,482,75,1028,185,169,112,1,0,487,103,271,214,545,563,1562,314,70,58,435,137,741,404,152,244,237,241,93,304,78,209,279,111
46,576,876,1127,0,242,110,74,64,0,17,169,51,224,165,519,0,867,98,707,12,82,0,0,64,61,0,56,230,361,8,118,75,72,1,888,228,56,650,871,275,376,43,22,234,0,0,111,12,28,25,1775,260,124,0,442,0,867,366,320,144,183,16,767,1166,161,1068,185,436,7,10,1252,1589,213,36,900,69,169,542,0,0,7,7,0,271,1631,94,740,660,147,716,196,12,901,0,0,27,347,7,16,7,0,11,1218,53,546,84,1,16,165,29,256,9,55,133,120,26,38,698,4,47,879,45,130,0,2,293,2,35,281,2,0,104,13,75,207,1113,245,424,7,72,0,816,1,37,1214,254,39,11,612,3,497,523,5,65,29,0,13,153,406,0,449,238,45,635,17,471,9,0,0,42,843,88,817,597,21,1394,0,0,153,9,0,248,15,7,806,5,59,53,51,490,57,16,1,579,6,100,20,380,35,633,104,26,103,272,0,5,78,407,18,56,203,496,86,50,7,1,30,1001,3,0,882,1067,1141,176,78,4,55,197,450,8,10,5,434,297,41,983,100,30,379,225,629,0,0,57,7,85,287,0,38,1,77,4,44,396,213
85,251,338,458,0,141,192,88,83,0,29,42,48,42,118,130,0,429,36,289,0,21,0,0,364,90,0,54,186,107,19,21,7,100,19,335,100,22,230,366,154,182,192,10,31,0,0,95,0,21,50,502,97,20,6,207,0,323,39,133,104,159,0,304,430,56,307,12,207,4,25,655,565,90,25,410,6,117,279,0,0,0,19,7,122,529,13,299,278,25,239,112,0,332,0,0,33,133,3,28,10,0,4,383,14,102,85,1,0,9,16,124,11,80,113,47,24,54,315,0,18,287,37,91,0,4,226,13,53,94,0,23,27,0,132,131,446,132,199,2,11,0,573,1,27,359,65,50,5,168,12,252,319,6,297,21,0,32,8,190,0,288,188,27,251,20,297,0,0,0,15,373,133,431,269,8,516,0,0,3,12,0,92,5,7,302,10,90,50,43,215,29,0,20,232,0,23,1,206,132,294,12,49,5,21,0,30,60,138,220,29,93,279,57,80,4,6,16,352,2,0,367,463,322,62,55,3,185,89,137,1,0,28,305,128,44,286,71,8,123,46,309,0,6,37,2,34,151,19,6,21,30,1,42,266,61
67,0,0,2,0,0,0,0,0,0,0,2,0,0,0,0,0,0,0,0,6191,0,0,0,0,31,0,0,3,75,0,0,0,0,0,0,0,0,72,7,103,0,9,19,6,0,0,0,5464,0,0,0,2,0,0,10,0,23,14,0,0,0,0,0,6,0,0,1,1,0,0,0,0,0,0,11,1,0,42,0,0,0,0,0,0,0,0,0,644,0,0,0,2,5,0,0,0,1,11,0,0,0,0,4,0,1,0,0,1,1,0,0,0,0,0,0,40,0,0,4762,7,0,0,0,0,0,0,0,0,0,2573,0,0,6465,0,0,0,0,0,0,1,0,0,1,0,10,0,0,0,4,0,23,3,0,0,0,0,0,0,0,0,0,0,0,37,0,7,5909,0,0,0,0,0,15,0,0,0,65,0,4,0,0,34,0,0,0,0,0,0,42,0,0,6006,0,31,5,2,2,0,1,0,15,0,1,255,0,0,0,107,0,0,0,88,0,0,0,0,0,0,0,0,0,0,0,0,131,0,0,0,36,7172,8405,0,1,0,1,0,0,0,1,0,0,0,0,0,0,6,1,0,0,0,6,2,0,0,18
79,140,221,449,0,66,127,21,41,0,1,26,22,16,94,120,0,487,6,160,0,8,0,0,208,37,0,23,106,117,0,4,0,23,3,252,41,5,241,465,117,62,128,6,10,0,0,34,0,10,9,503,392,7,1,235,0,335,21,78,52,89,0,233,433,31,275,2,115,0,4,873,585,37,15,438,4,35,339,0,0,1,6,2,72,390,2,205,395,7,123,47,0,403,0,0,13,350,1,3,2,0,1,459,1,74,51,0,0,0,4,79,1,23,43,26,5,20,261,0,9,193,12,51,0,0,134,2,23,55,0,6,9,0,34,49,356,64,154,12,1,0,653,1,10,458,53,2,0,141,4,233,191,0,162,8,0,5,1,85,0,232,82,3,266,4,253,1,0,0,4,328,74,411,177,2,489,0,0,3,2,0,97,0,12,204,0,29,13,74,139,4,0,3,210,0,6,0,70,87,176,4,13,2,11,0,2,22,136,133,2,33,363,30,29,0,1,5,258,0,0,258,393,222,19,100,0,12,44,128,0,0,7,341,77,33,188,18,0,40,26,376,0,2,7,0,15,185,4,3,0,16,0,10,121,28
73,271,545,585,0,29,372,86,220,0,0,44,17,563,417,277,0,419,240,1283,0,222,0,0,756,31,0,12,127,76,61,418,999,28,4,786,123,150,186,467,131,302,318,4,53,0,0,61,0,6,92,1127,425,732,1,184,0,328,36,822,125,455,0,202,312,18,667,2,322,101,4,678,1080,220,7,425,16,59,85,0,0,0,2,6,100,680,712,431,420,863,566,209,1,606,0,0,16,260,1,43,1,0,83,572,573,153,261,0,0,15,8,68,70,133,101,43,2,6,552,2,61,848,7,150,0,67,138,7,7,53,0,5,7,1,45,560,299,324,310,0,33,0,595,1,36,531,393,70,41,246,2,93,305,34,885,2,0,8,5,948,0,339,258,479,328,12,43,2,0,0,332,529,541,321,274,44,1187,0,0,0,1,0,52,39,1,672,20,58,32,92,673,144,0,7,319,2,28,1,295,252,617,27,14,16,18,0,29,40,26,578,424,186,225,36,266,43,0,1,811,2,0,389,892,1039,201,146,184,1,41,154,1,1,76,659,290,140,1381,314,503,222,38,465,0,7,411,14,44,202,6,53,0,55,0,47,521,68
95,415,300,327,0,37,83,203,327,0,10,57,38,78,95,89,0,228,35,518,0,24,0,0,37,66,0,21,207,30,25,36,34,117,29,392,55,39,75,197,87,109,26,2,21,0,0,105,0,4,99,445,238,41,29,104,0,159,9,151,205,396,0,130,235,31,215,3,130,5,50,398,472,123,47,228,14,113,111,0,0,1,14,10,84,276,64,216,79,119,157,158,1,283,0,0,16,233,1,16,14,0,33,206,27,31,64,1,3,6,8,101,11,132,139,37,7,42,225,0,35,329,169,38,0,3,258,17,13,58,0,15,30,0,45,175,207,121,147,1,10,0,365,1,26,179,89,48,9,75,11,100,116,39,64,85,0,28,7,332,0,132,297,45,161,62,97,0,0,0,26,231,73,169,185,15,468,0,0,3,18,0,34,8,1,355,32,197,86,55,314,26,0,75,120,4,7,0,85,16,421,10,73,10,15,0,38,195,36,35,22,56,79,55,20,8,9,11,249,1,0,240,392,586,69,175,21,21,51,54,0,0,87,162,55,15,547,40,42,67,67,233,0,67,37,9,47,218,28,28,6,33,1,170,236,41
48,363,557,232,0,31,98,169,310,1,57,26,38,93,192,153,0,174,64,1086,0,61,0,0,30,58,0,52,255,44,22,156,421,114,72,776,78,39,108,153,147,151,23,2,45,0,0,80,0,22,94,744,150,323,67,95,0,185,48,469,248,498,0,143,174,23,474,8,70,10,29,220,598,218,10,269,8,76,58,0,0,0,26,22,77,505,227,224,110,411,354,246,0,346,0,0,72,205,1,28,26,0,48,253,282,92,161,0,2,5,26,96,26,148,148,55,4,40,337,0,24,652,60,63,0,3,228,50,12,56,0,71,18,0,75,406,248,308,134,29,22,0,170,1,23,236,91,139,11,175,59,84,222,18,39,24,0,78,11,777,0,215,265,225,206,70,39,0,0,0,109,316,66,183,179,14,755,0,0,12,12,0,25,11,31,642,20,209,70,53,445,37,0,72,215,8,21,3,227,21,561,23,82,6,22,0,34,104,15,23,195,56,75,61,99,3,38,15,545,0,0,353,570,996,98,24,60,152,56,99,0,0,128,100,108,27,1190,83,146,88,25,124,0,37,144,3,25,195,87,26,49,30,0,62,307,46
82,606,330,593,0,851,263,495,197,2,0,343,378,190,226,519,0,257,72,217,226,84,0,0,367,56,0,220,122,811,67,35,20,396,58,383,618,88,1065,598,677,489,290,310,739,0,0,614,125,55,163,453,235,50,76,231,0,851,982,198,499,492,110,1300,508,715,311,363,690,22,109,722,590,436,126,824,637,594,632,0,0,27,64,28,467,674,54,981,871,64,430,359,292,359,0,0,112,229,194,14,46,0,54,711,32,978,374,12,167,480,118,312,66,334,560,237,25,232,340,136,161,330,346,183,0,23,675,20,100,434,61,40,253,112,245,181,671,244,866,28,127,0,670,1,130,757,328,130,33,764,34,545,1031,29,377,213,0,158,157,170,0,276,860,61,437,113,911,169,1,0,60,761,289,630,866,109,399,92,0,434,69,0,539,93,27,310,61,410,330,54,582,183,179,73,397,120,856,400,706,269,611,578,172,686,1002,0,82,239,948,172,5,255,1081,330,35,41,19,165,232,204,2,513,320,340,303,321,14,20,401,864,161,151,95,852,672,119,271,217,23,654,739,243,0,57,18,30,214,144,58,171,4,168,212,237,542,909
16,249,118,88,0,44,67,500,461,1,531,195,110,345,87,64,0,33,360,79,2,345,0,0,77,49,0,150,56,35,407,331,419,501,365,96,260,524,68,55,74,239,54,78,158,0,0,113,4,100,383,81,30,378,779,17,0,51,152,163,475,304,7,108,54,50,62,28,148,258,169,77,74,412,77,77,153,214,36,0,0,3,127,911,92,71,297,96,70,385,241,378,51,53,0,0,313,51,63,175,209,0,1036,51,318,125,146,2,130,56,150,89,695,479,191,71,10,165,33,2,261,108,253,190,0,300,126,720,56,76,3,342,120,2,98,142,98,182,86,120,382,0,64,1,398,48,315,1049,639,38,417,27,145,1292,109,74,0,331,27,176,0,50,243,356,37,645,23,2,0,0,656,40,185,78,120,629,87,9,0,35,119,0,21,484,118,48,964,451,395,53,130,345,2,1037,80,44,103,79,203,32,198,133,485,132,75,0,1061,650,31,91,170,227,72,105,72,880,193,110,102,7,1,24,81,110,331,51,993,101,133,47,2,9,823,43,118,190,63,288,490,324,165,29,1,740,225,270,198,50,885,213,643,334,34,573,48,94
